Campaign ID	Creation Package Config ID	Campaign Name	Special Ad Categories	Special Ad Category Country	Campaign Status	Campaign Objective	Buying Type	Campaign Spend Limit	Campaign Daily Budget	Campaign Lifetime Budget	Campaign Bid Strategy	Tags	Campaign Is Using L3 Schedule	Campaign Start Time	Campaign Stop Time	Product Catalog ID	Campaign Page ID	New Objective	Buy With Prime Type	Is Budget Scheduling Enabled For Campaign	Campaign High Demand Periods	Buy With Integration Partner	Ad Set ID	Ad Set Run Status	Ad Set Lifetime Impressions	Ad Set Name	Ad Set Time Start	Ad Set Time Stop	Ad Set Daily Budget	Destination Type	Ad Set Lifetime Budget	Rate Card	Ad Set Schedule	Use Accelerated Delivery	Frequency Control	Ad Set Minimum Spend Limit	Ad Set Maximum Spend Limit	Is Budget Scheduling Enabled For Ad Set	Ad Set High Demand Periods	Link Object ID	Optimized Conversion Tracking Pixels	Optimized Custom Conversion ID	Optimized Pixel Rule	Optimized Event	Custom Event Name	Link	Application ID	Product Set ID	Place Page Set ID	Object Store URL	Offer ID	Offline Event Data Set ID	Countries	Cities	Regions	Electoral Districts	Zip	Addresses	Geo Markets (DMA)	Global Regions	Large Geo Areas	Medium Geo Areas	Small Geo Areas	Metro Areas	Neighborhoods	Subneighborhoods	Subcities	Location Types	Location Cluster IDs	Location Set IDs	Excluded Countries	Excluded Cities	Excluded Large Geo Areas	Excluded Medium Geo Areas	Excluded Metro Areas	Excluded Small Geo Areas	Excluded Subcities	Excluded Neighborhoods	Excluded Subneighborhoods	Excluded Regions	Excluded Electoral Districts	Excluded Zip	Excluded Addresses	Excluded Geo Markets (DMA)	Excluded Global Regions	Excluded Location Cluster IDs	Gender	Age Min	Age Max	Education Status	Fields of Study	Education Schools	Work Job Titles	Work Employers	College Start Year	College End Year	Interested In	Relationship	Family Statuses	Industries	Life Events	Income	Multicultural Affinity	Household Composition	Behaviors	Connections	Excluded Connections	Friends of Connections	Locales	Site Category	Unified Interests	Excluded User AdClusters	Broad Category Clusters	Targeting Categories - ALL OF	Custom Audiences	Excluded Custom Audiences	Flexible Inclusions	Flexible Exclusions	Advantage Audience	Individual Setting	Age Range	Targeting Optimization	Targeting Relaxation	Product Audience Specs	Excluded Product Audience Specs	Targeted Business Locations	Dynamic Audiences	Excluded Dynamic Audiences	Beneficiary	Payer	Publisher Platforms	Facebook Positions	Instagram Positions	Audience Network Positions	Messenger Positions	WhatsApp Positions	Oculus Positions	Device Platforms	User Device	Excluded User Device	User Operating System	User OS Version	Wireless Carrier	Excluded Publisher Categories	Brand Safety Inventory Filtering Levels	Optimization Goal	Attribution Spec	Billing Event	Bid Amount	Ad Set Bid Strategy	Regional Regulated Categories	Advertiser (financial ads in Australia)	Payer (financial ads in Australia)	Beneficiary (financial ads in Taiwan)	Payer (financial ads in Taiwan)	Advertiser (Taiwan)	Payer (Taiwan)	Advertiser (Singapore)	Payer (Singapore)	Advertiser (securities ads in India)	Payer (securities ads in India)	Beneficiary (selected locations)	Payer (selected locations)	Story ID	Ad ID	Ad Status	Preview Link	Instagram Preview Link	Ad Name	Title	Body	Display Link	Link Description	Optimize text per person	Retailer IDs	Post Click Item Headline	Post Click Item Description	Conversion Tracking Pixels	Image Hash	Image File Name	Image Crops	Video Thumbnail URL	Instagram Platform Image Hash	Instagram Platform Image Crops	Instagram Platform Image URL	Carousel Delivery Mode	Creative Type	URL Tags	Event ID	Video ID	Video File Name	Instagram Account ID	Instagram Account ID (New)	Mobile App Deep Link	Product Link	App Link Destination	Call Extension Phone Data ID	Call to Action	Additional Call To Action 5	Additional Call To Action 6	Additional Call To Action 7	Additional Call To Action 8	Additional Call To Action 9	Call to Action Link	Call to Action WhatsApp Number	Marketing Message Primary Text	Marketing Message Auto Reply - Body Text	Marketing Message Auto Reply - Image Hash	Marketing Message Auto Reply - Video ID	Marketing Message Auto Reply - Button 1 - Text	Marketing Message Auto Reply - Button 1 - Type	Marketing Message Auto Reply - Button 1 - URL	Marketing Message Button 1 - Button Text	Marketing Message Button 1 - Type	Marketing Message Button 1 - Response Text	Marketing Message Button 1 - Image Hash	Marketing Message Button 1 - Video ID	Marketing Message Button 1 - Video Thumbnail URL	Marketing Message Button 1 - Call to Action Button - Type	Marketing Message Button 1 - Call to Action Button - Text	Marketing Message Button 1 - Call to Action Button - URL	Marketing Message Button 2 - Button Text	Marketing Message Button 2 - Type	Marketing Message Button 2 - Response Text	Marketing Message Button 2 - Image Hash	Marketing Message Button 2 - Video ID	Marketing Message Button 2 - Video Thumbnail URL	Marketing Message Button 2 - Call to Action Button - Type	Marketing Message Button 2 - Call to Action Button - Text	Marketing Message Button 2 - Call to Action Button - URL	Additional Custom Tracking Specs	Video Retargeting	Lead Form ID	Permalink	Force Single Link	Format Option	Dynamic Ad Voice	Creative Optimization	Template URL	Android App Name	Android Package Name	Deep Link For Android	Facebook App ID	iOS App Name	iOS App Store ID	Deep Link For iOS	iPad App Name	iPad App Store ID	Deep Link For iPad	iPhone App Name	iPhone App Store ID	Deep Link For iPhone	Deep link to website	Windows Store ID	Windows App Name	Deep Link For Windows Phone	Add End Card	Dynamic Ads Ad Context	Page Welcome Message	App Destination	App Destination Page ID	Use Page as Actor	Image Overlay Template	Image Overlay Text Type	Image Overlay Text Font	Image Overlay Position	Image Overlay Theme Color	Image Overlay Float With Margin	Image Layer 1 - layer_type	Image Layer 1 - image_source	Image Layer 1 - overlay_shape	Image Layer 1 - text_font	Image Layer 1 - shape_color	Image Layer 1 - text_color	Image Layer 1 - content_type	Image Layer 1 - price	Image Layer 1 - low_price	Image Layer 1 - high_price	Image Layer 1 - frame_source	Image Layer 1 - frame_image_hash	Image Layer 1 - scale	Image Layer 1 - blending_mode	Image Layer 1 - opacity	Image Layer 1 - overlay_position	Image Layer 1 - pad_image	Image Layer 1 - crop_image	Image Layer 2 - layer_type	Image Layer 2 - image_source	Image Layer 2 - overlay_shape	Image Layer 2 - text_font	Image Layer 2 - shape_color	Image Layer 2 - text_color	Image Layer 2 - content_type	Image Layer 2 - price	Image Layer 2 - low_price	Image Layer 2 - high_price	Image Layer 2 - frame_source	Image Layer 2 - frame_image_hash	Image Layer 2 - scale	Image Layer 2 - blending_mode	Image Layer 2 - opacity	Image Layer 2 - overlay_position	Image Layer 2 - pad_image	Image Layer 2 - crop_image	Image Layer 3 - layer_type	Image Layer 3 - image_source	Image Layer 3 - overlay_shape	Image Layer 3 - text_font	Image Layer 3 - shape_color	Image Layer 3 - text_color	Image Layer 3 - content_type	Image Layer 3 - price	Image Layer 3 - low_price	Image Layer 3 - high_price	Image Layer 3 - frame_source	Image Layer 3 - frame_image_hash	Image Layer 3 - scale	Image Layer 3 - blending_mode	Image Layer 3 - opacity	Image Layer 3 - overlay_position	Image Layer 3 - pad_image	Image Layer 3 - crop_image	Product 1 - Link	Product 1 - Name	Product 1 - Description	Product 1 - Marketing Message - Description	Product 1 - Image Hash	Product 1 - Image Crops	Product 1 - Video ID	Product 1 - Call To Action Link	Product 1 - Mobile App Deep Link	Product 1 - Display Link	Product 1 - Place Data	Product 1 - Is Static Card	Product 2 - Link	Product 2 - Name	Product 2 - Description	Product 2 - Marketing Message - Description	Product 2 - Image Hash	Product 2 - Image Crops	Product 2 - Video ID	Product 2 - Call To Action Link	Product 2 - Mobile App Deep Link	Product 2 - Display Link	Product 2 - Place Data	Product 2 - Is Static Card	Product 3 - Link	Product 3 - Name	Product 3 - Description	Product 3 - Marketing Message - Description	Product 3 - Image Hash	Product 3 - Image Crops	Product 3 - Video ID	Product 3 - Call To Action Link	Product 3 - Mobile App Deep Link	Product 3 - Display Link	Product 3 - Place Data	Product 3 - Is Static Card	Product 4 - Link	Product 4 - Name	Product 4 - Description	Product 4 - Marketing Message - Description	Product 4 - Image Hash	Product 4 - Image Crops	Product 4 - Video ID	Product 4 - Call To Action Link	Product 4 - Mobile App Deep Link	Product 4 - Display Link	Product 4 - Place Data	Product 4 - Is Static Card	Product 5 - Link	Product 5 - Name	Product 5 - Description	Product 5 - Marketing Message - Description	Product 5 - Image Hash	Product 5 - Image Crops	Product 5 - Video ID	Product 5 - Call To Action Link	Product 5 - Mobile App Deep Link	Product 5 - Display Link	Product 5 - Place Data	Product 5 - Is Static Card	Product 6 - Link	Product 6 - Name	Product 6 - Description	Product 6 - Marketing Message - Description	Product 6 - Image Hash	Product 6 - Image Crops	Product 6 - Video ID	Product 6 - Call To Action Link	Product 6 - Mobile App Deep Link	Product 6 - Display Link	Product 6 - Place Data	Product 6 - Is Static Card	Product 7 - Link	Product 7 - Name	Product 7 - Description	Product 7 - Marketing Message - Description	Product 7 - Image Hash	Product 7 - Image Crops	Product 7 - Video ID	Product 7 - Call To Action Link	Product 7 - Mobile App Deep Link	Product 7 - Display Link	Product 7 - Place Data	Product 7 - Is Static Card	Product 8 - Link	Product 8 - Name	Product 8 - Description	Product 8 - Marketing Message - Description	Product 8 - Image Hash	Product 8 - Image Crops	Product 8 - Video ID	Product 8 - Call To Action Link	Product 8 - Mobile App Deep Link	Product 8 - Display Link	Product 8 - Place Data	Product 8 - Is Static Card	Product 9 - Link	Product 9 - Name	Product 9 - Description	Product 9 - Marketing Message - Description	Product 9 - Image Hash	Product 9 - Image Crops	Product 9 - Video ID	Product 9 - Call To Action Link	Product 9 - Mobile App Deep Link	Product 9 - Display Link	Product 9 - Place Data	Product 9 - Is Static Card	Product 10 - Link	Product 10 - Name	Product 10 - Description	Product 10 - Marketing Message - Description	Product 10 - Image Hash	Product 10 - Image Crops	Product 10 - Video ID	Product 10 - Call To Action Link	Product 10 - Mobile App Deep Link	Product 10 - Display Link	Product 10 - Place Data	Product 10 - Is Static Card	Product Sales Channel	Additional Dynamic Creative Call To Action Type 5	Additional Dynamic Creative Call To Action Type 6	Additional Dynamic Creative Call To Action Type 7	Additional Dynamic Creative Call To Action Type 8	Additional Dynamic Creative Call To Action Type 9	Degrees of Freedom Type	Creative Destination Type	Creative Onsite Destinations	Mockup ID	Text Transformations	Ad Stop Time	Ad Start Time
cg:120249708666100257		‏‏כיסאות מרופדים עם מחיר | שחזור 2026‏ - עותק‏ - עותק			PAUSED	Outcome Leads	AUCTION		50		Highest volume or value			06/25/2026 10:20:56 pm			1021968558911450	Yes	NONE	No	[]	NONE	c:120249708666210257	PAUSED	0	MultiLook - Lookalike	06/25/2026 10:21:03 pm			WEBSITE				No				No	[]							https://kingchairs.co.il							IL															home, recent																				18	65																										"120210321401720257:דומה (IL 1%) - People who like רהיטי ""כס המלך"" עיצובים"				1	age: On, gender: On	18, 65	expansion_all	custom_audience: Off, lookalike: On																							LINK_CLICKS		IMPRESSIONS			VOLUNTARY_VERIFICATION														a:120249708666190257	PAUSED			Ad B - עם מחיר	כיסאות יוקרה בעבודת יד — כס המלך	"כיסא מרופד בעבודת יד — החל מ-₪1,500 בלבד.
בכס המלך מייצרים כיסאות יוקרה בהתאמה אישית, לפי הבד והסגנון של הבית שלכם.
✅ עבודת יד ללא פשרות ✅ בדים יוקרתיים ✅ מחיר ישיר מהיצרן
✅ הובלה והתקנה עד הבית ✅ אחריות מלאה

כשיוקרה ומחיר הוגן נפגשים — יודעים שזה כס המלך.
שלחו הודעה וקבלו הצעת מחיר אישית בוואטסאפ >>"			No													Link Page Post Ad					x:423124371096162	x:17841401428510581					LEARN_MORE																																		No																														No																																																																																																																																																																																											USER_ENROLLED_AUTOFLOW						
cg:120249708666100257		‏‏כיסאות מרופדים עם מחיר | שחזור 2026‏ - עותק‏ - עותק			PAUSED	Outcome Leads	AUCTION		50		Highest volume or value			06/25/2026 10:20:56 pm			1021968558911450	Yes	NONE	No	[]	NONE	c:120249708666210257	PAUSED	0	MultiLook - Lookalike	06/25/2026 10:21:03 pm			WEBSITE				No				No	[]							https://kingchairs.co.il							IL															home, recent																				18	65																										"120210321401720257:דומה (IL 1%) - People who like רהיטי ""כס המלך"" עיצובים"				1	age: On, gender: On	18, 65	expansion_all	custom_audience: Off, lookalike: On																							LINK_CLICKS		IMPRESSIONS			VOLUNTARY_VERIFICATION														a:120249708666180257	PAUSED			Ad A - כמו מכונית	בוחרים כל פרט — כמו רכב חדש	"כיסא אחד כזה עולה כמו מכונית חדשה!!!
עכשיו כשתפסנו את תשומת הלב שלך — כמה לדעתך עולים כיסאות עבודת יד שמחזיקים שנים?

האמת? הם נראים כמו מיליון דולר, אבל המחיר נמוך יותר מהריהוט המקביל בחנויות.
✅ מגוון דגמים ✅ מחירים ללא תחרות ✅ עבודת יד בגימור גבוה
✅ מבחר בדים יוקרתיים ✅ אספקה מהירה + הובלה והתקנה ✅ אחריות מלאה

לא קונים לפני שבודקים איתנו. שלחו הודעה בוואטסאפ להצעת מחיר אישית >>"	kingchairs.co.il	יוקרה בהתאמה אישית · ישירות מהיצרן	No					1021968558911450:496ada9aaf7e5ad90b741250839aa189	untitled							Link Page Post Ad											LEARN_MORE																																		No																														No																																																																																																																																																																																											USER_ENROLLED_AUTOFLOW						
cg:120249708666100257		‏‏כיסאות מרופדים עם מחיר | שחזור 2026‏ - עותק‏ - עותק			PAUSED	Outcome Leads	AUCTION		50		Highest volume or value			06/25/2026 10:20:56 pm			1021968558911450	Yes	NONE	No	[]	NONE	c:120249708666160257	PAUSED	0	MultiCust - מעורבות	06/25/2026 10:21:04 pm			WEBSITE				No				No	[]							https://wa.me/972523084224								Mevo Beitar, Jerusalem, Israel; Beitar Illit, Jerusalem, Israel				"(31.704612, 34.994316) +1km; (31.746378, 34.989367) +1km; (31.752613, 35.218168) +1km; (31.763164, 35.176392) +1km; (31.782775, 34.630866) +1km; (31.782898, 35.212784) +1km; (31.787518, 35.192099) +1km; (31.790472, 34.665241) +1km; 56 ירמיהו, ירושלים, Jerusalem, ישראל (31.79262, 35.20453) +1km; (31.798048, 35.213299) +1km; שדרות גולדה מאיר, ירושלים, Jerusalem, ישראל (31.80008, 35.20861) +1km; מעגלי הרי""ם לוין, ירושלים, Jerusalem, ישראל (31.80104, 35.21882) +1km; (32.08148, 34.829706) +1km; (32.083693, 34.842272) +1km; (32.086987, 34.83335) +1km"										home, recent			PS																	25	65																				Hebrew								"[{""interests"":[{""id"":""6002985004720"",""name"":""מסורת""},{""id"":""6003593304287"",""name"":""לבוש מסורתי""},{""id"":""6003649983713"",""name"":""עיצוב (עיצוב)""},{""id"":""6791338191990"",""name"":""שירותים ואנשי מקצוע בנושא עיצוב פנים (עיצוב)""}]},{""interests"":[{""id"":""6002920953955"",""name"":""עיצוב פנים (עיצוב)""},{""id"":""6003191380834"",""name"":""שולחן (ריהוט)""},{""id"":""6003293328579"",""name"":""סלון (ארכיטקטורה)""},{""id"":""6003354094437"",""name"":""כסאות (ציוד לבית)""}]}]"		1	geo: On	30, 64	expansion_all																							FACEBOOK_RELAXED, AN_RELAXED	LINK_CLICKS	"[{""event_type"":""CLICK_THROUGH"",""window_days"":1}]"	IMPRESSIONS			VOLUNTARY_VERIFICATION														a:120249708666130257	PAUSED			Ad A - כמו מכונית	בוחרים כל פרט — כמו רכב חדש	"כיסא אחד כזה עולה כמו מכונית חדשה???
עכשיו כשתפסנו את תשומת הלב שלך — כמה לדעתך עולים כיסאות עבודת יד שמחזיקים שנים?

האמת? הם נראים כמו מיליון דולר, אבל המחיר נמוך יותר מהריהוט המקביל בחנויות.
✅ מגוון דגמים ✅ מחירים ללא תחרות ✅ עבודת יד בגימור גבוה
✅ מבחר בדים יוקרתיים ✅ אספקה מהירה + הובלה והתקנה ✅ אחריות מלאה

לא קונים לפני שבודקים איתנו. שלחו הודעה בוואטסאפ להצעת מחיר אישית >>"			No													Link Page Post Ad					x:423124371096162	x:17841401428510581					LEARN_MORE						https://wa.me/972523084224																												No																														No																																																																																																																																																																																											USER_ENROLLED_AUTOFLOW						
cg:120249708666100257		‏‏כיסאות מרופדים עם מחיר | שחזור 2026‏ - עותק‏ - עותק			PAUSED	Outcome Leads	AUCTION		50		Highest volume or value			06/25/2026 10:20:56 pm			1021968558911450	Yes	NONE	No	[]	NONE	c:120249708666160257	PAUSED	0	MultiCust - מעורבות	06/25/2026 10:21:04 pm			WEBSITE				No				No	[]							https://wa.me/972523084224								Mevo Beitar, Jerusalem, Israel; Beitar Illit, Jerusalem, Israel				"(31.704612, 34.994316) +1km; (31.746378, 34.989367) +1km; (31.752613, 35.218168) +1km; (31.763164, 35.176392) +1km; (31.782775, 34.630866) +1km; (31.782898, 35.212784) +1km; (31.787518, 35.192099) +1km; (31.790472, 34.665241) +1km; 56 ירמיהו, ירושלים, Jerusalem, ישראל (31.79262, 35.20453) +1km; (31.798048, 35.213299) +1km; שדרות גולדה מאיר, ירושלים, Jerusalem, ישראל (31.80008, 35.20861) +1km; מעגלי הרי""ם לוין, ירושלים, Jerusalem, ישראל (31.80104, 35.21882) +1km; (32.08148, 34.829706) +1km; (32.083693, 34.842272) +1km; (32.086987, 34.83335) +1km"										home, recent			PS																	25	65																				Hebrew								"[{""interests"":[{""id"":""6002985004720"",""name"":""מסורת""},{""id"":""6003593304287"",""name"":""לבוש מסורתי""},{""id"":""6003649983713"",""name"":""עיצוב (עיצוב)""},{""id"":""6791338191990"",""name"":""שירותים ואנשי מקצוע בנושא עיצוב פנים (עיצוב)""}]},{""interests"":[{""id"":""6002920953955"",""name"":""עיצוב פנים (עיצוב)""},{""id"":""6003191380834"",""name"":""שולחן (ריהוט)""},{""id"":""6003293328579"",""name"":""סלון (ארכיטקטורה)""},{""id"":""6003354094437"",""name"":""כסאות (ציוד לבית)""}]}]"		1	geo: On	30, 64	expansion_all																							FACEBOOK_RELAXED, AN_RELAXED	LINK_CLICKS	"[{""event_type"":""CLICK_THROUGH"",""window_days"":1}]"	IMPRESSIONS			VOLUNTARY_VERIFICATION														a:120249708666200257	PAUSED			Ad B - עם מחיר	כיסאות יוקרה בעבודת יד — כס המלך	"כיסא מרופד בעבודת יד — החל מ-₪1,500 בלבד.
בכס המלך מייצרים כיסאות יוקרה בהתאמה אישית, לפי הבד והסגנון של הבית שלכם.
✅ עבודת יד ללא פשרות ✅ בדים יוקרתיים ✅ מחיר ישיר מהיצרן
✅ הובלה והתקנה עד הבית ✅ אחריות מלאה

כשיוקרה ומחיר הוגן נפגשים — יודעים שזה כס המלך.
שלחו הודעה וקבלו הצעת מחיר אישית בוואטסאפ >>"			No													Link Page Post Ad					x:423124371096162	x:17841401428510581					CONTACT_US						https://wa.me/972523084224																												No																														No																																																																																																																																																																																											USER_ENROLLED_AUTOFLOW						
cg:120249708666100257		‏‏כיסאות מרופדים עם מחיר | שחזור 2026‏ - עותק‏ - עותק			PAUSED	Outcome Leads	AUCTION		50		Highest volume or value			06/25/2026 10:20:56 pm			1021968558911450	Yes	NONE	No	[]	NONE	c:120249708666140257	PAUSED	0	Furniture - ממוקד	06/25/2026 10:20:56 pm			WEBSITE				No				No	[]							https://kingchairs.co.il							IL															home, recent																				18	65																										120229028974900257:מעורבות בעמוד הפייסבוק 365 ימים				1		30, 65	expansion_all	custom_audience: On, lookalike: Off																						FACEBOOK_RELAXED, AN_RELAXED	LINK_CLICKS	"[{""event_type"":""CLICK_THROUGH"",""window_days"":1}]"	IMPRESSIONS			VOLUNTARY_VERIFICATION														a:120249708666170257	PAUSED			Ad B - עם מחיר	כיסאות יוקרה בעבודת יד — כס המלך	"כיסא מרופד בעבודת יד — החל מ-₪1,500 בלבד.
בכס המלך מייצרים כיסאות יוקרה בהתאמה אישית, לפי הבד והסגנון של הבית שלכם.
✅ עבודת יד ללא פשרות ✅ בדים יוקרתיים ✅ מחיר ישיר מהיצרן
✅ הובלה והתקנה עד הבית ✅ אחריות מלאה

כשיוקרה ומחיר הוגן נפגשים — יודעים שזה כס המלך.
שלחו הודעה וקבלו הצעת מחיר אישית בוואטסאפ >>"			No													Link Page Post Ad					x:423124371096162	x:17841401428510581					LEARN_MORE																																		No																														No																																																																																																																																																																																											USER_ENROLLED_AUTOFLOW						
cg:120249708666100257		‏‏כיסאות מרופדים עם מחיר | שחזור 2026‏ - עותק‏ - עותק			PAUSED	Outcome Leads	AUCTION		50		Highest volume or value			06/25/2026 10:20:56 pm			1021968558911450	Yes	NONE	No	[]	NONE	c:120249708666150257	PAUSED	0	מקומות עם זיקה דתית	06/25/2026 10:20:57 pm			WEBSITE				No				No	[]							https://kingchairs.co.il		p:1734765526766627						Bene Beraq, Tel Aviv, Israel; Bet Shemesh, Jerusalem, Israel; Modi'in Illit, Jerusalem, Israel				(31.767019, 34.665596) +1km; (31.964234, 34.827852) +1km; (31.98326, 34.810414) +1km; (31.985777, 34.772646) +1km; (31.98754, 34.76998) +1km; (31.989045, 34.766154) +1km; (31.989366, 34.768604) +1km; (31.992618, 34.768049) +1km; (32.058662, 34.793314) +1km										home, recent			PS																Women	25	65																												"[{""education_majors"":[{""id"":""102024029877593"",""name"":""Interior Design & Decoration""}],""interests"":[{""id"":""6002897751962"",""name"":""מטבח (בית וגן)""},{""id"":""6002920953955"",""name"":""עיצוב פנים (עיצוב)""},{""id"":""6002986908368"",""name"":""בית (נדל\""ן)""},{""id"":""6003103732434"",""name"":""דירה (נדל\""ן)""},{""id"":""6003132926214"",""name"":""ריהוט (ציוד לבית)""},{""id"":""6003138547539"",""name"":""ריהוט לחדר השינה (ציוד לבית)""},{""id"":""6003174415534"",""name"":""דירה ראשונה (נדל\""ן)""},{""id"":""6003191380834"",""name"":""שולחן (ריהוט)""},{""id"":""6003228164299"",""name"":""חדר אוכל (ארכיטקטורה)""},{""id"":""6003234413249"",""name"":""שיפוץ הבית (בית וגן)""},{""id"":""6003253467911"",""name"":""ריהוט מודרני (ציוד לבית)""},{""id"":""6003293328579"",""name"":""סלון (ארכיטקטורה)""},{""id"":""6003354094437"",""name"":""כסאות (ציוד לבית)""},{""id"":""6003378810565"",""name"":""מיטה (ציוד לבית)""},{""id"":""6003402677747"",""name"":""Ideal Home (פרסום)""},{""id"":""6003427723137"",""name"":""איקאה (קמעונאי)""},{""id"":""6003451325003"",""name"":""House Beautiful (פרסום)""},{""id"":""6003593304287"",""name"":""לבוש מסורתי""},{""id"":""6004043330548"",""name"":""חדר שינה (ארכיטקטורה)""},{""id"":""6004055064548"",""name"":""מזרן (ציוד לבית)""},{""id"":""6004160449695"",""name"":""קניית בית ראשון (נדל\""ן)""},{""id"":""6791338127990"",""name"":""קמעונאים בתחום הריהוט לבית (קמעונאות)""}],""work_employers"":[{""id"":""528755930494144"",""name"":""Interior Designer""}],""work_positions"":[{""id"":""112517512096835"",""name"":""Interior design""},{""id"":""119802204737548"",""name"":""Interior Designer/Owner""}]}]"		1		37, 65	expansion_all																								LINK_CLICKS		IMPRESSIONS			VOLUNTARY_VERIFICATION														a:120249708666120257	PAUSED			Ad A - כמו מכונית	בוחרים כל פרט — כמו רכב חדש	"כיסא אחד כזה עולה כמו מכונית חדשה???
עכשיו כשתפסנו את תשומת הלב שלך — כמה לדעתך עולים כיסאות עבודת יד שמחזיקים שנים?

האמת? הם נראים כמו מיליון דולר, אבל המחיר נמוך יותר מהריהוט המקביל בחנויות.
✅ מגוון דגמים ✅ מחירים ללא תחרות ✅ עבודת יד בגימור גבוה
✅ מבחר בדים יוקרתיים ✅ אספקה מהירה + הובלה והתקנה ✅ אחריות מלאה

לא קונים לפני שבודקים איתנו. שלחו הודעה בוואטסאפ להצעת מחיר אישית >>"			No													Link Page Post Ad					x:423124371096162	x:17841401428510581					LEARN_MORE																																		No																														No																																																																																																																																																																																																	
cg:120249708666100257		‏‏כיסאות מרופדים עם מחיר | שחזור 2026‏ - עותק‏ - עותק			PAUSED	Outcome Leads	AUCTION		50		Highest volume or value			06/25/2026 10:20:56 pm			1021968558911450	Yes	NONE	No	[]	NONE	c:120249708666150257	PAUSED	0	מקומות עם זיקה דתית	06/25/2026 10:20:57 pm			WEBSITE				No				No	[]							https://kingchairs.co.il								Bene Beraq, Tel Aviv, Israel; Bet Shemesh, Jerusalem, Israel; Modi'in Illit, Jerusalem, Israel				(31.767019, 34.665596) +1km; (31.964234, 34.827852) +1km; (31.98326, 34.810414) +1km; (31.985777, 34.772646) +1km; (31.98754, 34.76998) +1km; (31.989045, 34.766154) +1km; (31.989366, 34.768604) +1km; (31.992618, 34.768049) +1km; (32.058662, 34.793314) +1km										home, recent			PS																Women	25	65																												"[{""education_majors"":[{""id"":""102024029877593"",""name"":""Interior Design & Decoration""}],""interests"":[{""id"":""6002897751962"",""name"":""מטבח (בית וגן)""},{""id"":""6002920953955"",""name"":""עיצוב פנים (עיצוב)""},{""id"":""6002986908368"",""name"":""בית (נדל\""ן)""},{""id"":""6003103732434"",""name"":""דירה (נדל\""ן)""},{""id"":""6003132926214"",""name"":""ריהוט (ציוד לבית)""},{""id"":""6003138547539"",""name"":""ריהוט לחדר השינה (ציוד לבית)""},{""id"":""6003174415534"",""name"":""דירה ראשונה (נדל\""ן)""},{""id"":""6003191380834"",""name"":""שולחן (ריהוט)""},{""id"":""6003228164299"",""name"":""חדר אוכל (ארכיטקטורה)""},{""id"":""6003234413249"",""name"":""שיפוץ הבית (בית וגן)""},{""id"":""6003253467911"",""name"":""ריהוט מודרני (ציוד לבית)""},{""id"":""6003293328579"",""name"":""סלון (ארכיטקטורה)""},{""id"":""6003354094437"",""name"":""כסאות (ציוד לבית)""},{""id"":""6003378810565"",""name"":""מיטה (ציוד לבית)""},{""id"":""6003402677747"",""name"":""Ideal Home (פרסום)""},{""id"":""6003427723137"",""name"":""איקאה (קמעונאי)""},{""id"":""6003451325003"",""name"":""House Beautiful (פרסום)""},{""id"":""6003593304287"",""name"":""לבוש מסורתי""},{""id"":""6004043330548"",""name"":""חדר שינה (ארכיטקטורה)""},{""id"":""6004055064548"",""name"":""מזרן (ציוד לבית)""},{""id"":""6004160449695"",""name"":""קניית בית ראשון (נדל\""ן)""},{""id"":""6791338127990"",""name"":""קמעונאים בתחום הריהוט לבית (קמעונאות)""}],""work_employers"":[{""id"":""528755930494144"",""name"":""Interior Designer""}],""work_positions"":[{""id"":""112517512096835"",""name"":""Interior design""},{""id"":""119802204737548"",""name"":""Interior Designer/Owner""}]}]"		1		37, 65	expansion_all																								LINK_CLICKS		IMPRESSIONS			VOLUNTARY_VERIFICATION														a:120249708666220257	PAUSED			Ad B - עם מחיר	כיסאות יוקרה בעבודת יד — כס המלך	"כיסא מרופד בעבודת יד — החל מ-₪1,500 בלבד.
בכס המלך מייצרים כיסאות יוקרה בהתאמה אישית, לפי הבד והסגנון של הבית שלכם.
✅ עבודת יד ללא פשרות ✅ בדים יוקרתיים ✅ מחיר ישיר מהיצרן
✅ הובלה והתקנה עד הבית ✅ אחריות מלאה

כשיוקרה ומחיר הוגן נפגשים — יודעים שזה כס המלך.
שלחו הודעה וקבלו הצעת מחיר אישית בוואטסאפ >>"	kingchairs.co.il	יוקרה בהתאמה אישית · ישירות מהיצרן	No													Video Page Post Ad			v:1802291630465932	Auto_Cropped_AR_IG_4_X_5_V3_InShot_20260304_141849977.mp4	x:423124371096162	x:17841401428510581					CONTACT_US																																		No																														No																																																																																																																																																																																											USER_ENROLLED_AUTOFLOW						
cg:120249708666100257		‏‏כיסאות מרופדים עם מחיר | שחזור 2026‏ - עותק‏ - עותק			PAUSED	Outcome Leads	AUCTION		50		Highest volume or value			06/25/2026 10:20:56 pm			1021968558911450	Yes	NONE	No	[]	NONE	c:120249708666140257	PAUSED	0	Furniture - ממוקד	06/25/2026 10:20:56 pm			WEBSITE				No				No	[]	o:215681344957611						https://kingchairs.co.il							IL															home, recent																				18	65																										120229028974900257:מעורבות בעמוד הפייסבוק 365 ימים				1		30, 65	expansion_all	custom_audience: On, lookalike: Off																						FACEBOOK_RELAXED, AN_RELAXED	LINK_CLICKS	"[{""event_type"":""CLICK_THROUGH"",""window_days"":1}]"	IMPRESSIONS			VOLUNTARY_VERIFICATION														a:120249708666110257	PAUSED	https://www.facebook.com/?feed_demo_ad=120249708666110257&h=AQKAuVE0-5ccfFQzAGl0nsNUNMA	https://www.instagram.com/p/DaBS6zAsCtQ/	Ad A - כמו מכונית	בוחרים כל פרט — כמו רכב חדש	"כיסא אחד כזה עולה כמו מכונית חדשה???
עכשיו כשתפסנו את תשומת הלב שלך — כמה לדעתך עולים כיסאות עבודת יד שמחזיקים שנים?

האמת? הם נראים כמו מיליון דולר, אבל המחיר נמוך יותר מהריהוט המקביל בחנויות.
✅ מגוון דגמים ✅ מחירים ללא תחרות ✅ עבודת יד בגימור גבוה
✅ מבחר בדים יוקרתיים ✅ אספקה מהירה + הובלה והתקנה ✅ אחריות מלאה

לא קונים לפני שבודקים איתנו. שלחו הודעה בוואטסאפ להצעת מחיר אישית >>"			No													Video Page Post Ad			v:1562622892090895		x:423124371096162						LEARN_MORE																																		No																														No																																																																																																																																																																																											USER_ENROLLED_AUTOFLOW						
